--
-- PostgreSQL database dump
--

-- Dumped from database version 16.4
-- Dumped by pg_dump version 16.4

SET statement_timeout = 0;
SET lock_timeout = 0;
SET idle_in_transaction_session_timeout = 0;
SET client_encoding = 'UTF8';
SET standard_conforming_strings = on;
SELECT pg_catalog.set_config('search_path', '', false);
SET check_function_bodies = false;
SET xmloption = content;
SET client_min_messages = warning;
SET row_security = off;

SET default_tablespace = '';

SET default_table_access_method = heap;

--
-- Name: clientes; Type: TABLE; Schema: public; Owner: postgres
--

CREATE TABLE public.clientes (
    cod_cliente character varying(10) NOT NULL,
    empresa character varying(50) NOT NULL,
    direccion character varying(120) NOT NULL,
    ciudad character varying(50) NOT NULL,
    telefono character varying(20) NOT NULL,
    responsable character varying(50) NOT NULL
);


ALTER TABLE public.clientes OWNER TO postgres;

--
-- Name: empleados; Type: TABLE; Schema: public; Owner: postgres
--

CREATE TABLE public.empleados (
    id numeric(10,0) NOT NULL,
    nombre character varying(50) NOT NULL,
    edad integer NOT NULL
);


ALTER TABLE public.empleados OWNER TO postgres;

--
-- Name: pedidos; Type: TABLE; Schema: public; Owner: postgres
--

CREATE TABLE public.pedidos (
    numero_pedido integer NOT NULL,
    cod_cliente character varying(10),
    fecha_pedido date,
    forma_pago character varying(12),
    enviado character varying(2)
);


ALTER TABLE public.pedidos OWNER TO postgres;

--
-- Data for Name: clientes; Type: TABLE DATA; Schema: public; Owner: postgres
--

COPY public.clientes (cod_cliente, empresa, direccion, ciudad, telefono, responsable) FROM stdin;
CT01	BELTRAN E HIJOS	LAS FUENTES 78	MADRID	914456435	ANGEL MARTINEZ
CT02	LA MODERNA	LA PALOMA 123	OVIEDO	985323434	JUAN GARCIA
CT03	EL GALLEGUITO	MOTORES 34	BARCELONA	934565343	ANA FERNANDEZ
CT04	EXPORTASA	VALLECAS 34	MADRID	913452378	ELVIRA GOMEZ
CT06	CONFECCIONES AMPARO	LOS MOROS 23	GIJON	985754332	LUIS ALVAREZ
CT07	LA CASA DEL JUGUETE	AMERICA 45	MADRID	912649987	ELIAS PEREZ
CT08	JUGUETERIA SUAREZ	PARIS 123	BARCELONA	933457866	JUAN GARCIA
CT09	ALMACEN POPULAR	LAS FUENTES 124	BILBAO	942347127	JOSE ALVAREZ
CT10	FERETERIA EL CLAVO	PASEO DE ALAMOS 78	MADRID	914354866	MANUEL MENENDEZ
CT11	JUGUETES MARTINEZ	VIA LAYETANA 245	BARCELONA	936628554	FRANCISCO CUEVAS
CT12	FERNANDEZ SL	PASEO DEL MAR 45	SANTANDER	942049586	ELISA COLLADO
CT13	CONFECCIONES ARTIMEZ	GENERAL PERON 45	BILBAO	981345239	ESTEBAN PASCUAL
CT14	DEPORTES GARCIA	GUZMAN EL BUENO 45	MADRID	913299475	ANA JIMENEZ
CT15	EXCLUSIVAS FERNANDEZ	LLOBREGAT 250	BARCELONA	939558365	LUISA FERNANDEZ
CT16	DEPORTES MORAN	AUTONOMIA 45	LUGO	982986944	JOSE MANZANO
CT17	BAZAR FRANCISCO	CARMEN 45	ZAMORA	980495288	CARLOS BELTRAN
CT18	JUGUETES LA SONRISA	LA CALETA 67	LEON	987945368	FAUSTINO PEREZ
CT19	CONFECCIONES GALAN	FUENCARRAL 78	MADRID	913859234	JUAN GARCIA
CT20	LA CURTIDORA	OLIVARES 3	MALAGA	953756259	MARIA GOMEZ
CT21	LINEA JOVEN	SIERPES 78	SEVILLA	953452567	ASUNCION SALADO
CT22	BAZAR EL BARAT	DIAGONAL 56	BARCELONA	936692866	ELISA DAPENA
CT23	EL PALACIO DE LA MODA	ORTEGA Y GASSET 129	MADRID	927785235	LAURA CARRASCO
CT24	SAEZ Y CIA	INFANTA MERCEDS 23	SEVILLA	954869234	MANUEL GUERRA
CT25	DEPORTES VIVA MADRID	CASTILLA 345	ZARAGOZA	976388934	CARLOS GONZALEZ
CT26	FERRETERIA LA ESCOBA	ORENSE 7	MADRID	918459346	JOSE GARCIA
CT27	JUGUETES EL BARATO	VIA AUGUSTA 245	BARCELONA	933486984	ELVIRA IGLESIAS
CT28	CONFECCIONES HERMINIA	CORRIDA 345	GIJON	985597315	ABEL GONZALEZ
CT30	BAZAR EL ARGENTINO	ATOCHA 55	MADRID	912495973	ADRIAN ALVAREZ
CT31	LA TIENDA ELEGANTE	EL COMENDADOR 67	ZARAGOZA	975694035	JOSE PASCUAL
CT32	DEPORTES NAUTICOS GARCIA	JUAN FERNANDEZ 89	AVILA	920268648	JUAN CONRADO
CT33	CONFECCIONES RUIZ	LLOBREGAT 345	BARCELONA	934587615	CARLOS SANZ
CT34	BAZAR LA FARAONA	CASTILLA Y LEON 34	MADRID	915483627	ANGEL SANTAMARIA
CT35	FERRETERIA EL MARTILLO	CASTELLANOS 205	SALAMANCA	923548965	JOAQUIN FERNANDEZ
CT36	JUGUETES EDUCATIVOS SANZ	ORENSE 89	MADRID	916872354	PEDRO IGLESIAS
CT37	ALMACENES FERNANDEZ	ANTON 67	TERUEL	978564025	MARIA ARDANZA
CT38	CONFECCIONES MONICA	MOTORES 67	BARCELONA	935681245	PEDRO SERRANO
CT39	FERRETERIA LIMA	VALLECAS 45	MADRID	913532785	LUIS GARCIA
CT40	DEPORTES EL ARGENTINO	ABEL MARTINEZ 67	SALAMANCA	921548762	CARLOS GOMEZ
\.


--
-- Data for Name: empleados; Type: TABLE DATA; Schema: public; Owner: postgres
--

COPY public.empleados (id, nombre, edad) FROM stdin;
1	Daniel	57
2	Daniel	58
3	Daniel	59
4	Daniel	60
5	Daniel	61
6	Daniel	62
7	Daniel	63
8	Daniel	64
9	Daniel	65
10	Daniel	66
11	Daniel	67
12	Susana	25
\.


--
-- Data for Name: pedidos; Type: TABLE DATA; Schema: public; Owner: postgres
--

COPY public.pedidos (numero_pedido, cod_cliente, fecha_pedido, forma_pago, enviado) FROM stdin;
1	CT01	2000-03-11	CONTADO	SI
3	CT23	2000-03-18	APLAZADO	NO
5	CT25	2000-03-31	CONTADO	NO
7	CT12	2000-04-12	CONTADO	NO
8	CT01	2000-04-15	TARJETA	SI
9	CT21	2000-04-21	CONTADO	NO
11	CT04	2001-05-01	CONTADO	SI
12	CT06	2001-05-19	CONTADO	SI
13	CT13	2000-04-30	APLAZADO	NO
16	CT25	2001-05-11	CONTADO	NO
19	CT10	2002-05-22	CONTADO	SI
21	CT16	2001-05-28	CONTADO	NO
22	CT07	2000-05-31	TARJETA	SI
25	CT18	2000-06-02	CONTADO	NO
26	CT09	2001-06-04	APLAZADO	SI
27	CT34	2000-06-06	CONTADO	NO
28	CT28	2000-06-08	APLAZADO	NO
29	CT30	2001-04-02	TARJETA	NO
30	CT02	2000-08-15	CONTADO	SI
31	CT30	2000-06-08	TARJETA	SI
32	CT14	2001-06-20	APLAZADO	NO
34	CT26	2002-06-23	TARJETA	NO
35	CT26	2001-06-30	CONTADO	NO
37	CT24	2001-07-02	TARJETA	SI
39	CT20	2001-07-08	TARJETA	SI
40	CT04	2002-07-12	CONTADO	NO
42	CT34	2002-07-15	APLAZADO	SI
43	CT09	2001-07-18	CONTADO	NO
44	CT34	2002-07-20	APLAZADO	NO
45	CT30	2002-07-22	TARJETA	NO
46	CT31	2002-07-25	CONTADO	NO
47	CT34	2000-07-31	APLAZADO	NO
48	CT18	2002-08-30	CONTADO	NO
49	CT28	2002-09-02	CONTADO	NO
50	CT09	2002-09-05	APLAZADO	NO
51	CT09	2002-09-05	CONTADO	SI
63	CT28	2000-09-10	CONTADO	NO
72	CT01	2002-08-18	CONTADO	SI
73	CT01	2001-08-02	CONTADO	NO
74	CT01	2002-09-17	APLAZADO	NO
75	CT01	2002-09-30	TARJETA	NO
76	CT01	2002-10-19	CONTADO	SI
77	CT01	2000-10-28	CONTADO	NO
79	CT34	2000-12-12	CONTADO	NO
85	CT04	2002-12-23	TARJETA	NO
86	CT09	2001-12-24	APLAZADO	NO
98	CT01	2001-12-27	CONTADO	SI
102	CT06	2001-01-12	CONTADO	SI
103	CT02	2001-01-24	CONTADO	NO
105	CT30	2001-01-01	APLAZADO	NO
5005	CT30	2002-08-10	TARJETA	SI
5050	CT30	2002-03-27	TARJETA	SI
\.


--
-- Name: clientes clientes_pkey; Type: CONSTRAINT; Schema: public; Owner: postgres
--

ALTER TABLE ONLY public.clientes
    ADD CONSTRAINT clientes_pkey PRIMARY KEY (cod_cliente);


--
-- Name: clientes clientes_telefono_key; Type: CONSTRAINT; Schema: public; Owner: postgres
--

ALTER TABLE ONLY public.clientes
    ADD CONSTRAINT clientes_telefono_key UNIQUE (telefono);


--
-- Name: empleados empleados_pkey; Type: CONSTRAINT; Schema: public; Owner: postgres
--

ALTER TABLE ONLY public.empleados
    ADD CONSTRAINT empleados_pkey PRIMARY KEY (id);


--
-- Name: pedidos pedidos_pkey; Type: CONSTRAINT; Schema: public; Owner: postgres
--

ALTER TABLE ONLY public.pedidos
    ADD CONSTRAINT pedidos_pkey PRIMARY KEY (numero_pedido);


--
-- Name: pedidos pedidos_cod_cliente_fkey; Type: FK CONSTRAINT; Schema: public; Owner: postgres
--

ALTER TABLE ONLY public.pedidos
    ADD CONSTRAINT pedidos_cod_cliente_fkey FOREIGN KEY (cod_cliente) REFERENCES public.clientes(cod_cliente);


--
-- PostgreSQL database dump complete
--

